text,coarse_label,fine_label,label,prediction,prob_OTHER,prob_OFFENSE,correct,confidence
"""@USER: @USER @USER @USER Merkel hat mehr Rückgrat als ihr ganzen Spakkos zusammen"" |LBR| Der Bolschewiki jammert!",OTHER,OTHER,0,1,0.023458457,0.9765415,False,0.9765415191650391
Lacht die Sozis und inre Merkeltruppe aus!Macht die Knechte lächerlich!,OTHER,OTHER,0,1,0.027897354,0.97210264,False,0.9721026420593262
@USER |LBR| wenn ihr euch doch nur behaupten könntet. Ausländerrückführung und Asylantenstop sind schon lange mehr als fällig!,OTHER,OTHER,0,1,0.031957563,0.9680425,False,0.9680424928665161
"@USER @USER Das ausgerechnet Leute der AFD wie Sie jetzt auch noch die Jusos unterstützt, ist nichts anderes als eine vergiftete Praline!",OTHER,OTHER,0,1,0.033798784,0.9662012,False,0.9662011861801147
@USER @USER Jusos wollen Nahles und Schulz wegputschen!,OTHER,OTHER,0,1,0.036255345,0.96374464,False,0.9637446403503418
"""@USER: @USER @USER Deshalb ist auch alles Lügenpresse und Manipulation, auch von den TV-Sendern"" |LBR| SO IST ES!",OTHER,OTHER,0,1,0.03638626,0.9636137,False,0.9636136889457703
@USER Es macht mich sowas von Wütend! Wie Krank ist diese Mutter. Wie Krank diese widerlichen Typen! Und sogar ein Bundeswehrsoldat!,OTHER,OTHER,0,1,0.03654419,0.9634558,False,0.9634557962417603
"@USER @USER @USER So ist es, für mich ist Kühnert einer der Schulz und Nahles Knüppel zwischen den Beine wirft um sein eigenes Ego trotzig durchzusetzen.",OTHER,OTHER,0,1,0.037225,0.96277493,False,0.962774932384491
@USER |LBR| Genau diese feigen Fahnenflüchtlinge gehören an die Front in Syrien!,OTHER,OTHER,0,1,0.039511424,0.9604886,False,0.9604886174201965
wann werden wir endlich diese Merkel los CDU,OTHER,OTHER,0,1,0.04351534,0.9564847,False,0.9564846754074097
"""@USER: @USER @USER Einsperren in eine Anstalt....."" |LBR| NEIN-WEGEN HOCHVERRAT SOFORT ANKLAGEN!",OTHER,OTHER,0,1,0.044157386,0.9558427,False,0.9558426737785339
Die BRD ist noch verkommender als Merkels DDR!,OTHER,OTHER,0,1,0.04488252,0.9551175,False,0.9551175236701965
@USER Und Trinkspender für Weiße sind halt nur für Weiße da...,OTHER,OTHER,0,1,0.047232565,0.9527674,False,0.9527673721313477
@USER |LBR| Denuzianten sind immer Lumpen. Egal von welcher Seite.,OTHER,OTHER,0,1,0.047346856,0.9526531,False,0.9526531100273132
@USER Der hat die hunderte Tausend Illegalen Untergetauchten im Lande vergessen.,OTHER,OTHER,0,1,0.048092343,0.95190763,False,0.9519076347351074
@USER Dazu brauchen Sie keine Geheimdienste. Es war für jeden sichtbar... E ist ein gefährlicher Salafist und Hassprediger der die Jugend vergiftet...,OTHER,OTHER,0,1,0.048492942,0.95150703,False,0.951507031917572
"Hoffe nur,das Merkel u.Konsorten ihre Schröder Bunker öffnen,um die Segnungen der Euroöffnung live erleben dürfen.",OTHER,OTHER,0,1,0.05176644,0.94823354,False,0.9482335448265076
"@USER @USER @USER @USER @USER Träumen Sie oder sind Sie so naiv, wie soll die SPD bei Neuwahlen an die 34% bekommen, ich tippe eher auf 15% wenn die Unvernunft sich durchsetzen sollte!",OTHER,OTHER,0,1,0.052261267,0.9477387,False,0.9477387070655823
@USER |LBR| Der für Bunt stehende Hasselhof ist doch aber dagen,OTHER,OTHER,0,1,0.05475329,0.9452467,False,0.945246696472168
Herzlichen Glückwunsch Marine le Pen! EUROPA KANN DURCH SIE ÜBERLEBEN! |LBR| VIEL GLÜCK DEM GROßEN FRANZÖSISCHEM VOLK!,OTHER,OTHER,0,1,0.057499815,0.9425002,False,0.9425001740455627
"@USER ich mache einen neuen Tweet auf, damit ich deine hasserfüllte Tweet nicht weiterleite! Es sieht ein Blinder was du damit bezwecken willst, du bist ein Brauner und Tschüss",OTHER,OTHER,0,1,0.05825144,0.9417485,False,0.9417484998703003
@USER @USER |LBR| VOLKESSTIMME WIRD DIE BOLSCHEWISTEN DER SPD WEGFEGEN!,OTHER,OTHER,0,1,0.059024587,0.9409754,False,0.9409754276275635
Merkel und ihre Vasallen müssen weg!,OTHER,OTHER,0,1,0.059876323,0.9401237,False,0.9401236772537231
hat Frau Barley eigentlich dauerrede rechts bei hartaberfair der kalte Kaffee ist uns alle schon lange bekannt,OTHER,OTHER,0,1,0.062080935,0.937919,False,0.937919020652771
@USER @USER @USER @USER @USER Französische Bulldoggen sind keine Schlittenhunde!,OTHER,OTHER,0,1,0.0632574,0.9367426,False,0.9367426037788391
hier wird von hartaberfair insbesondere Herren Könnes doch ziemlich dicker Tobak aufgetragen nur um reißerisch Quote zu machen ARD,OTHER,OTHER,0,1,0.06334368,0.93665636,False,0.9366563558578491
@USER @USER Trittin war das Kanonenfutter für Kurz.,OTHER,OTHER,0,1,0.06364318,0.9363568,False,0.936356782913208
"Raus aus den Hinzerzimmern der Kneipen,raus zum Verteilen,raus zu den Infoständen!",OTHER,OTHER,0,1,0.0653929,0.9346071,False,0.9346070885658264
"@USER @USER @USER @USER @USER So ist es, statt auf den Balkon mit Lindner und Dobrinth belanglosen Mist zu quatschen, hätte man lieber an die Menschen in Deutschland denken sollen,als an die Posten zu denken und sich fast bis zu Unkenntlichkeit der Union anzubiedern, Frau Peters, öfters mal die Klappe halten!",OTHER,OTHER,0,1,0.06544118,0.93455875,False,0.9345587491989136
@USER DIE ZEIT IST GEKOMMEN FÜR DIE FREIHEIT - SOZIS PASST AUF!,OTHER,OTHER,0,1,0.06834832,0.93165165,False,0.9316516518592834
"@USER @USER @USER @USER Ben ist halt ein kleiner Rassist. Menschenrechte nur für zivilisierte Völker, aber doch nicht für die da unten in der Wüste!",OTHER,OTHER,0,1,0.06859113,0.9314088,False,0.9314088225364685
@USER @USER Die spielen als Brexitchaosgewinnler und Profiteure der Blödheit und Zerrissenheit der britischen Konservativen eine Sonderrolle.,OTHER,OTHER,0,1,0.07003347,0.92996657,False,0.9299665689468384
"@USER @USER @USER Aber daß er mit dieser Anti-Merkel Stimmung spielt, ist seit langem sehr gradlinig bei ihm. Er fischt weit rechts. Nur verbal eleganter.",OTHER,OTHER,0,1,0.07109568,0.92890435,False,0.9289043545722961
"""@USER: @USER Die Raute des Todes."" |LBR| ALSO DIE VERBRECHERIN ANPRANGERN! |LBR| OHNE RÜCKSICHT!",OTHER,OTHER,0,1,0.071539715,0.9284603,False,0.9284602999687195
"Es wird Zeit,Werwölfe zu werden!Zersetzt,Indoktriniert,wehrt euch!",OTHER,OTHER,0,1,0.07214495,0.9278551,False,0.9278550744056702
.@USER ist das Ihre Rechtfertigung für erstochene Touristinnen? Ekelhaft.,OTHER,OTHER,0,1,0.07287284,0.9271272,False,0.9271271824836731
"@USER Alles gut. Es ist Sommer chillensiemalnbisschen |LBR| (P.S.: Machen wir, wenn wir wieder im Bundestag sind.)",OTHER,OTHER,0,1,0.073743545,0.9262564,False,0.9262564182281494
"@USER ,so ein Unfähiger Politiker wie sie es sind ,gab es schon lange nicht mehr ! TTipp darf es nicht geben !!! wir sind dagegen !!",OTHER,OTHER,0,1,0.076852344,0.9231477,False,0.9231476783752441
@USER Thilo ist ein Meckerkopp,OTHER,OTHER,0,1,0.07743608,0.9225639,False,0.922563910484314
"@USER |LBR| Wenn in der DDR beim Tanz Massenschlägerein warm,kamen die Russen schoßen in die Decke und Stille war!",OTHER,OTHER,0,1,0.07951843,0.92048156,False,0.9204815626144409
@USER @USER Ich würde lieber nach Tschechien gehen. Fast alle Atheisten und islamophob da und viele hübsche Männer,OTHER,OTHER,0,1,0.08197914,0.91802084,False,0.9180208444595337
@USER @USER Das Herumopfern kennen wir ja schon von den Rechten.,OTHER,OTHER,0,1,0.08701613,0.91298383,False,0.9129838347434998
Diese Opferkultur und diese beständige gesellschaftliche Therapiesitzung geht mir sowas von auf den Sack.,OTHER,OTHER,0,1,0.08835652,0.9116435,False,0.9116435050964355
@USER |LBR| Schafft um Gottes Willen wieder das Tätowieren von Frauen ab. Scheußlich. Dämonenhaft.,OTHER,OTHER,0,1,0.09277433,0.9072257,False,0.9072257280349731
"Wahnsinn ! Und das Elend der Deutschen Armen steigt, durch die verfluchten Ausgaben!",OTHER,OTHER,0,1,0.09612322,0.9038767,False,0.9038767218589783
@USER @USER |LBR| und fast alle wollen sie ins Merkel- Land.,OTHER,OTHER,0,1,0.09718599,0.902814,False,0.9028139710426331
"@USER @USER Mag sein, es geht nur um die FDP, die i d trüben Gewässern der AfD fischt. Merkel muss weg etc ist doch nix anderes. Nur verbal feiner.",OTHER,OTHER,0,1,0.099552415,0.90044755,False,0.9004475474357605
"Europa und Deutschland werden überleben,trotz Merkel und den Sozis!",OTHER,OTHER,0,1,0.09963461,0.9003654,False,0.90036541223526
"@USER Das kath Polen sieht das anders ., als Blüm.",OTHER,OTHER,0,1,0.100302525,0.8996974,False,0.8996974229812622
"@USER @USER @USER @USER Das hat mit Abzockerei nichts zu tun. Bio ist nun mal kostenintensiv, vor allem wenn der Bauer in Deutschland lebt und auch auf Internet, Strom und fließendem Wasser besteht.",OTHER,OTHER,0,1,0.10088801,0.899112,False,0.8991119861602783
"Das ist moderner Werwolf! Feind erkennen,benennen,ihn lächerlich machen!",OTHER,OTHER,0,1,0.10094299,0.899057,False,0.8990569710731506
"@USER Immer erhöhte Geschwindigkeit die Ursache. Arme Tiere,verfluchte Raser.",OTHER,OTHER,0,1,0.10114705,0.89885294,False,0.8988529443740845
"Das Faszinierende an der Existenz des heterosexuellen Mannes ist seine stoische Bereitschaft, die Arschkarte des Lebens so gelassen wie möglich zu ertragen.",OTHER,OTHER,0,1,0.1014474,0.89855266,False,0.898552656173706
@USER Merkel muss weg und jeder der zu ihr steht!!!,OTHER,OTHER,0,1,0.10177464,0.8982253,False,0.8982253074645996
Also ein besetztes und umerzogenes Land.,OTHER,OTHER,0,1,0.10222645,0.8977735,False,0.8977735042572021
@USER @USER @USER Wir sind ja auch die Hübschesten.,OTHER,OTHER,0,1,0.102297656,0.89770234,False,0.8977023363113403
Gut gehen wir zum Tagesthema über.... |LBR| Die AFD hat sich mit Gauland gemeldet und sagte: Wir werden sie jagen.. |LBR| @USER sagte wir werden alle deutschen außer AFD Wähler zur Verantwortung ziehen.. |LBR| Und von Storch? Die ist wieder Mausgerutscht |LBR| AfDwürgt noafd Becker,OTHER,OTHER,0,1,0.10250255,0.8974975,False,0.8974974751472473
@USER ich kapiere mehr wie du! Diese Regierung ist nichts anderes wie BOLSCHEWISMUS!,OTHER,OTHER,0,1,0.104582794,0.8954172,False,0.8954172134399414
Seit Jahren vergiften sie unsere Jugend. Gerade die junge Menschen werden in |LBR| Hinterhofmoscheen radikalisiert. Dort wird Hass gegen „Kuffar“ gepredigt und |LBR| zur Gewalt aufgerufen.,OTHER,OTHER,0,1,0.109160066,0.89084,False,0.8908399939537048
"""@USER: @USER @USER @USER Hetzer hör auf zu hetzen"" |LBR| EINFACHE SYSTEMLINGE GEHT SCHLAFEN.",OTHER,OTHER,0,1,0.11012129,0.8898787,False,0.8898786902427673
"@USER @USER @USER @USER Die Gesellschaft will es so. Sie zieht Männer in den Dreck, überhöht die Frauenwelt und erklärt Männern für obsolet.",OTHER,OTHER,0,1,0.11054556,0.8894545,False,0.8894544839859009
"Freidenker müssen sich organisieren. Helft mit,seid dabei! |LBR| EUROPA UND DEUTSCHLAND MÜSSEN LEBEN!",OTHER,OTHER,0,1,0.11098411,0.88901585,False,0.8890158534049988
Zu Weihnachten eine gute Zigarre Geniessen ....unbeschreiblich!!!!!,OTHER,OTHER,0,1,0.115773626,0.8842264,False,0.884226381778717
@USER Verfluchte Autos. Was da für Unmengen an Tieren umkommen!,OTHER,OTHER,0,1,0.117502496,0.8824975,False,0.8824974894523621
@USER |LBR| Wann traunen sich endlich Normalbürger NPD zu wählen? |LBR| Jetzt oder nie! Sonst ist D verloren.,OTHER,OTHER,0,1,0.11780678,0.88219327,False,0.8821932673454285
@USER Macht nix. Kommt ja jeden Tag neuer Irrsinn,OTHER,OTHER,0,1,0.12098821,0.87901175,False,0.8790117502212524
"@USER @USER @USER 53,9 % der Flüchtlinge haben B1 geschafft. |LBR| Die 4/5 beziehen sich auf Analphabeten.",OTHER,OTHER,0,1,0.12375783,0.87624216,False,0.8762421607971191
„Merle ist kein junges unschuldiges Mädchen“ Kch....... tatort,OTHER,OTHER,0,1,0.12563978,0.87436014,False,0.8743601441383362
"@USER @USER Deutsche Arme Rentner Hartz IV , brauchten keine Pfandflaschen mehr im Müll suchen.",OTHER,OTHER,0,1,0.12767962,0.8723204,False,0.8723204135894775
"@USER Auch als Liberaler darf man gegen die AfD sein, deshalb ist man noch lange kein Linksfaschist!",OTHER,OTHER,0,1,0.12772551,0.8722745,False,0.8722745180130005
"Bratwurst! 2 Sorten. OingOing + grobe, scharfe Rinderbratwurst vom Türkischen Schlachter (sehr lecker). Mit Schmorsauerkraut und Knödel.",OTHER,OTHER,0,1,0.12871587,0.8712842,False,0.8712841868400574
"@USER JEDE Großveranstaltung wird heute zum Roulette ,Dank Merkels offene Grenzen!!!",OTHER,OTHER,0,1,0.13101673,0.8689832,False,0.8689832091331482
@USER Jetzt mal ehrlich: FDP-Jugendliche sind nicht so nervig. Die haben nämlich das links-moralisierende Weltbild nicht.,OTHER,OTHER,0,1,0.13304351,0.8669564,False,0.8669564127922058
@USER @USER AfD an die Macht. Mit Höcke an der Spitze!!!,OTHER,OTHER,0,1,0.13804494,0.86195505,False,0.8619550466537476
@USER @USER |LBR| Bin Armutsrentner und habeauch kein Freies WLAN sondern zahle für eine Flatrate monall. von Rente +Sozilal,OTHER,OTHER,0,1,0.13946243,0.8605376,False,0.860537588596344
@USER Warum sollte man sexistische Rassisten wie Dich belohnen?,OTHER,OTHER,0,1,0.13954589,0.8604541,False,0.8604540824890137
@USER @USER @USER Och menno. Ich will Miezekatzen!!!,OTHER,OTHER,0,1,0.14209901,0.857901,False,0.8579009771347046
"Oder habt ihr Angst vor den Muslimen ,Islamisten salafisten????",OTHER,OTHER,0,1,0.14365426,0.8563458,False,0.8563457727432251
Deutschland geht es so gut wie nie! Und dann stellt sich so eine Afd hin und versucht das Land zu spalten.,OTHER,OTHER,0,1,0.14520876,0.8547912,False,0.8547912240028381
Frau Bär von der CSU ist ja wohl sehr weit entfernt von der wirklichen Realität hartaberfair,OTHER,OTHER,0,1,0.14721124,0.8527887,False,0.8527886867523193
Islamisten und IS versuchen uns den Atem zu rauben und wollen uns einsperren hinter Beton-Absperrungen.,OTHER,OTHER,0,1,0.14727105,0.8527289,False,0.8527289032936096
Abknallen ist ja billiger als Tierheime finanzieren. Nur Geld zählt im Kapitalismus. Das Humane bleibt überall voll auf der Strecke.,OTHER,OTHER,0,1,0.1475037,0.8524963,False,0.852496325969696
"Finde Darstellung der @USER im Tatort weder überzogen noch unrealistisch. Haben keinen Grund zu meckern. Sind ja nun mal Rechte, deren mangelnde Abgrenzung ins rechtsextreme Milieu hier bisher gar nicht thematisiert wird. Von wegen „Staatsfunk“ und so...",OTHER,OTHER,0,1,0.14963879,0.8503612,False,0.8503612279891968
"Wussten Sie's? In 1 Jahr unterstütze UNHCR 709.000 vertriebene Iraker, Rückehrer &amp; Menschen der aufnehmenden Gemeinden in und um Mossul.",OTHER,OTHER,0,1,0.15037946,0.8496206,False,0.8496205806732178
@USER Dubiose Umfragen kann ich dir auch erstellen. Seit ihr damit nicht genug auf die Nase gefallen?,OTHER,OTHER,0,1,0.15125878,0.8487412,False,0.8487411737442017
@USER An der ewigen Scroll-Funktion. Das nervt gerade bei Handies extrem.,OTHER,OTHER,0,1,0.15423203,0.8457679,False,0.8457679152488708
"@USER @USER Sag ihm, er ist ein Sexist und Nazi, wenn er Bob gut findet.",OTHER,OTHER,0,1,0.15588436,0.8441157,False,0.844115674495697
@USER @USER Das muss doch nicht rasiert sein. Manche haben nur soviel.,OTHER,OTHER,0,1,0.15670642,0.84329355,False,0.8432935476303101
"@USER @USER Tapfere Deutsche ,fürs Vaterland, gibt's heute leider wenig.",OTHER,OTHER,0,1,0.15777755,0.84222245,False,0.8422224521636963
"@USER @USER Die Jusos profilieren sich auf kosten der SPD und auf das unseres Landes, und das finde ich mehr als schäbig!",OTHER,OTHER,0,1,0.15819038,0.84180963,False,0.8418096303939819
"Boh ich bin RICHTIG sauer, was denkt sich diese @USER @USER ?????? |LBR| Das alle Wähler so blöd sind, wie die mit Merkel verhandelt haben? Sogar Herr Seehofer hat seine Obergrenze. Leute jetzt Reicht es wirklich mit dieser SPD sorry",OTHER,OTHER,0,1,0.15875939,0.84124064,False,0.841240644454956
"@USER |LBR| Dieser Mann spricht Wahrheiten aus ,aber die BRD Regierung stellt sich taub.",OTHER,OTHER,0,1,0.16163276,0.8383672,False,0.838367223739624
@USER @USER @USER Quatsch. Man will doch auch Sex in der Beziehung. Ansonsten bräuchte man ja nur Kumpel.,OTHER,OTHER,0,1,0.16268975,0.83731025,False,0.837310254573822
"Solange Rüstungslobbyisten wie Kahrs &amp; Heil in der SPD außenpolitisch den Ton angeben, ist jede Rede von r2g illusionär. |LBR| BTW2017 btw17",OTHER,OTHER,0,1,0.16273181,0.8372682,False,0.8372681736946106
"Diese Ostküstensklaven müssen erleben,wie das Volk denkt.Macht sie einfach lächerlich.",OTHER,OTHER,0,1,0.16360813,0.83639187,False,0.8363918662071228
"@USER @USER @USER @USER @USER @USER @USER @USER @USER @USER @USER @USER @USER @USER @USER @USER Es kann nicht sein, dass man Kindern im Grundschulalter ein Kopftuch überzieht. |LBR| Wir sind hier nicht in Kabul oder Saudi Arabien!",OTHER,OTHER,0,1,0.16441919,0.8355808,False,0.8355808258056641
@USER Armutsrentner müssen Flaschen sammeln gehen!,OTHER,OTHER,0,1,0.16547951,0.83452046,False,0.8345204591751099
"@USER wir sind Sklaven mit besonderen rechten ! oder meinst du Milliardäre Putzen , backen reparieren ???",OTHER,OTHER,0,1,0.16684014,0.8331598,False,0.8331598043441772
"@USER Es sei nicht damit getan, migrantische Kandidat*innen als Alibi auf hinteren Listenplätzen zu platzieren",OTHER,OTHER,0,1,0.16745737,0.83254266,False,0.8325426578521729
@USER @USER |LBR| Dachte auch ich bin im falschen Film. als ich das sah und hörte!,OTHER,OTHER,0,1,0.1676823,0.8323177,False,0.8323177099227905
Der Ekel kennt keine Grenzen!,OTHER,OTHER,0,1,0.17118952,0.82881045,False,0.828810453414917
"@USER @USER @USER @USER Ich habe eine Vorstellungskraft. Und ich hatte Urgroßeltern, die ihre Kinder auf der Flucht vor den Russen nicht in den Ostgebieten zurückgelassen haben.",OTHER,OTHER,0,1,0.17370209,0.82629794,False,0.8262979388237
"@USER Bloß in der DDR gabs keine Asylanten .Nur Saisongarbeiter aus Algerien, Vietnam z.B.",OTHER,OTHER,0,1,0.17962804,0.820372,False,0.8203719854354858
"@USER @USER Weil Hunde niemals den Menschen enttäuschen werden !!! Sie sind immer treu !!! |LBR| Nur Menschen sind untreu ,böse .Kriegerisch .masslos ...usw |LBR| so wird ein hund niemals sein !",OTHER,OTHER,0,1,0.18651398,0.81348604,False,0.8134860396385193
@USER @USER @USER @USER Und ganz sicher bin ich als Schwuler nicht an der Seite des Islam.,OTHER,OTHER,0,1,0.19027874,0.8097213,False,0.8097212910652161
"Das deutsche Volk,ganz Europa,wird sich erheben! |LBR| GLAUBT AN DIE FREIHEIT!",OTHER,OTHER,0,1,0.20088308,0.7991169,False,0.7991169095039368
@USER |LBR| Schmidt sagte die Wahrheit und Gutmenschen kochen vor Wut.,OTHER,OTHER,0,1,0.20131147,0.79868853,False,0.798688530921936
@USER Darauf kann er ja einen saufen,OTHER,OTHER,0,1,0.20215017,0.7978499,False,0.7978498935699463
"@USER @USER Rettet die anmutigsten Tiere ,die Vögel,mit allen Mitteln!!!",OTHER,OTHER,0,1,0.20298445,0.79701555,False,0.7970155477523804
@USER München alle melden sich von und bieten Hilfe an ...Nur MERKEL nicht |LBR| komisch komisch....,OTHER,OTHER,0,1,0.20310305,0.79689693,False,0.7968969345092773
"@USER Einem Ertrinkenden ""Hilfe in der Heimat"" anzubieten, ist nicht ""sinnvoll"", sondern zynisch. Weitsicht macht nicht blind.",OTHER,OTHER,0,1,0.2072737,0.7927263,False,0.7927262783050537
"@USER @USER @USER Aber das verstehen westliche Städter ja nicht. Für die ist Natur Panda, Koala und die Kuh auf der Wiese.",OTHER,OTHER,0,1,0.20814042,0.79185957,False,0.7918595671653748
"Wenn Bio per se gesund ist, müsste einem Grünen der im Wald gesammelte Fliegenpilz ja besser munden, als mit Glyphosat behandeltes Wurzelgemüse.",OTHER,OTHER,0,1,0.20855105,0.79144895,False,0.7914489507675171
@USER Wann platzt den Schweden -Nordmännern (Vikingern) endlich der Kragen?,OTHER,OTHER,0,1,0.2130219,0.78697807,False,0.7869780659675598
Merkel! warum so viele Bodyguards ???? Deutschland ist doch sicher????,OTHER,OTHER,0,1,0.21474491,0.7852551,False,0.7852550745010376
@USER |LBR| Die tiefen Spalltungen der Deutschen überwinden. Aber wie?,OTHER,OTHER,0,1,0.2178414,0.7821586,False,0.782158613204956
Grade zdf zu Auschwitz gesehen. Das gleiche wie Schwarze Kanal der SED.,OTHER,OTHER,0,1,0.21826318,0.7817368,False,0.7817367911338806
@USER @USER @USER @USER So haben das Männer bislang im Krieg gemacht: Gekämpft. Nicht aus dem Kriegsgebiet fliehen und die Familie dort zurück lassen.,OTHER,OTHER,0,1,0.22190747,0.77809256,False,0.7780925631523132
bleibt Merkel bleibt die AFD und wächst CDU,OTHER,OTHER,0,1,0.22513936,0.7748606,False,0.7748606204986572
Frankreich erlebte den grössten Exodus seit WW2. Juden flüchten aus Europa. Nicht vor Rechten. |LBR| Vor Islamisten und Radikalen Muslimen. Und,OTHER,OTHER,0,1,0.22792365,0.77207637,False,0.7720763683319092
"@USER @USER @USER Können wir nicht lieber diesen Fistbump machen, den Heteros so lieben?",OTHER,OTHER,0,1,0.22872874,0.7712713,False,0.771271288394928
@USER leider .....wobei Linksgrüne selten was nützliches studieren.... ehr Philosophie und Kunstgeschichte,OTHER,OTHER,0,1,0.2319673,0.76803267,False,0.7680326700210571
"Da kommt vieles zusammen. Essen, Kleidung, Lebensstil... |LBR| Moustafa kannte zB Haustiere nicht. Hunde im Haus? Aufm Sofa? Katastrophe für ihn.",OTHER,OTHER,0,1,0.23357703,0.7664229,False,0.7664229273796082
@USER Man könnte das Auftragen von Make up und das weibliche Bedürfnis sich herauszuputzen durchaus als Narzissmus bezeichnen.,OTHER,OTHER,0,1,0.2360012,0.76399887,False,0.7639988660812378
Nachhilfestunde für @USER |LBR| Islamistischen Terror ist EINSEITIG. Oder provozierten die Opfer vom Breitscheitplatz vorher Amri?,OTHER,OTHER,0,1,0.2376812,0.7623188,False,0.7623187899589539
@USER Wir haben aber nicht die Arschkarte gezogen.,OTHER,OTHER,0,1,0.23784746,0.76215255,False,0.7621525526046753
"Menschen, die meine Kinder sein könnten, eskalieren bei Al Bano &amp; Romina Power. |LBR| Danke schlagerchampions, es ist noch nicht alles verloren!",OTHER,OTHER,0,1,0.23891853,0.76108146,False,0.7610814571380615
Er: Mist. Hab kein Katzenstreu mehr. Das stinkt nachher wie Sau. |LBR| Ich: Komische Katze.,OTHER,OTHER,0,1,0.24171712,0.75828284,False,0.7582828402519226
@USER @USER @USER @USER Das hat nix mit Preußen zu tun!,OTHER,OTHER,0,1,0.24273956,0.75726044,False,0.7572604417800903
@USER @USER Nicht jeder tauscht sein Haupt- gegen Rückenhaar wenn er älter wird,OTHER,OTHER,0,1,0.24674454,0.7532554,False,0.7532554268836975
Nicht ist erotischer als eine elektrische Zahnbürste Tatort,OTHER,OTHER,0,1,0.24925594,0.7507441,False,0.750744104385376
"Ick liebe Berlin. Wie ein Junkie auf Crack. |LBR| Es ist nicht meine Schuld, dass die Stadt so furchtbar regiert wird.",OTHER,OTHER,0,1,0.2505212,0.74947876,False,0.7494787573814392
"in hartaberfair heute nur alter durchgekauter kalter Kaffee den es auf jedem Sender schon x-mal gab. absolut langweilig, tschüss",OTHER,OTHER,0,1,0.25063443,0.74936557,False,0.7493655681610107
"@USER @USER @USER Auch hier: Den Milliarden Chinesen und Indern ist es vollkommen wurscht, ob die Handvoll Deutschen ihren CO2 Ausstoß senken.",OTHER,OTHER,0,1,0.25072163,0.74927837,False,0.7492783665657043
@USER Ein schnelles Artensterben der Politiker aus den Altparteien ist vermutlich unausweichlich für die Zukunft unserer Kinder.,OTHER,OTHER,0,1,0.2514615,0.74853855,False,0.7485385537147522
@USER |LBR| Armes Reh. Wie viel noch?,OTHER,OTHER,0,1,0.25503168,0.7449683,False,0.7449682950973511
"@USER du hast mich falsch verstanden , wir sind die kleinen deppen und müssen für die Elite arbeiten (Milliardäre )",OTHER,OTHER,0,1,0.25519156,0.7448085,False,0.7448084950447083
"@USER |LBR| Die sollen jetzt wohl in leerstehende Wohnungen der WGschaften ziehen, also mitten unter uns als Nachbarn. Gehts noch?",OTHER,OTHER,0,1,0.25670776,0.7432923,False,0.7432922720909119
@USER @USER @USER @USER @USER @USER @USER @USER @USER @USER @USER @USER @USER @USER @USER @USER @USER @USER @USER @USER Dieses Beispiel zeigt auch sehr schön wie wunderbar Kapitalismus und Religion harmonieren. Der Pöbel wird dumm und arm gehalten und die Chefetagen machen sich die Taschen voll.,OTHER,OTHER,0,1,0.25884265,0.74115735,False,0.7411573529243469
"Menschen, die legal nach Deutschland eingewandert sind und sich haben einbürgern lassen, müssen sich echt verarscht vorkommen.",OTHER,OTHER,0,1,0.26072145,0.73927855,False,0.7392785549163818
@USER |LBR| Obwohl ich als Christ bei Freiheit um jeden Preis anderer Meinung bin und die Zeit vor den 68er als Normal empfinde,OTHER,OTHER,0,1,0.2608419,0.73915803,False,0.739158034324646
"@USER |LBR| Waren auch bei uns ,allerdings als Maltäser. Nix mit Geld!",OTHER,OTHER,0,1,0.2608819,0.7391181,False,0.7391180992126465
"@USER |LBR| Maas muß weg, genau wie Merkel und Schäubele sollte seine Chance bekommen.",OTHER,OTHER,0,1,0.26418412,0.7358159,False,0.7358158826828003
@USER Ich könnte auch mein Barett aufsetzen und die Armeestiefel anziehen. Und sonst nix,OTHER,OTHER,0,1,0.26937726,0.7306227,False,0.7306227087974548
Steht endlich auf und kämpft gegen das System!Wir wollen keine DDR light Fr.Merkel.!,OTHER,OTHER,0,1,0.27142394,0.728576,False,0.7285760045051575
Wo sind hier die studierten tollen Rechtsanwälte ???!!!,OTHER,OTHER,0,1,0.27826512,0.7217349,False,0.721734881401062
@USER |LBR| Merkel muß weg. Je früher des so besser.,OTHER,OTHER,0,1,0.2816514,0.7183486,False,0.7183486223220825
"@USER Wenn alle die hier Werbung machen für dieser No GroKo, dann hätte die SPD bei der letzten Bundestagswahl sicherlich andere Möglichkeiten gehabt zu regieren!",OTHER,OTHER,0,1,0.28671774,0.7132823,False,0.7132822871208191
"@USER @USER Da müssen Sie uns verwechseln. In der Redaktion von katholisch.de gibt es weder Homophobie noch ""Islamisten-Kuscheln"".",OTHER,OTHER,0,1,0.28729433,0.7127057,False,0.712705671787262
"@USER So habe ich ihn (u.a. als Herausgeber meiner Dissertation) auch erlebt. Ein ganz Großer: umfassend gebildet, wertorientiert, moderat und menschenfreundlich.",OTHER,OTHER,0,1,0.29097605,0.70902395,False,0.7090239524841309
@USER Leider nur wenige national eingestellte Mädel.,OTHER,OTHER,0,1,0.2921288,0.7078712,False,0.7078711986541748
Happy InternationalLesbianDay - für lesbische Sichbarkeit!,OTHER,OTHER,0,1,0.30470857,0.6952914,False,0.6952913999557495
@USER |LBR| wer sich nicht ausweisen kann sofort umgehend abweisen und Griechenland Auffanglager belassen bis Indentität geklärt.,OTHER,OTHER,0,1,0.30520883,0.69479114,False,0.6947911381721497
"Wenn wir zur Zeit der Urmenschen leben würde, wäre ich bereits jetzt der weise Stammesälteste",OTHER,OTHER,0,1,0.30649033,0.69350964,False,0.6935096383094788
"So, ich denke ich hab mit Hilfe von Sims4 nun meinen Traummann gebacken",OTHER,OTHER,0,1,0.30905983,0.6909402,False,0.6909402012825012
@USER @USER Im Vertrauensranking ist es sehr sehr schwierig hinter Steinmeier zu liegen !!!,OTHER,OTHER,0,1,0.31456926,0.6854307,False,0.6854307055473328
@USER @USER @USER @USER Soll man vielleicht den alten Dreck weitermachen lassen?,OTHER,OTHER,0,1,0.31510133,0.6848987,False,0.6848986744880676
@USER lenken Sie nicht davon ab dass Sie versucht haben mit Dreck zu werfen und erwischt wurden.,OTHER,OTHER,0,1,0.3165675,0.6834325,False,0.6834325194358826
Linksgrüne Studenten wählen nun mal Links. palmer maischberger tübingen,OTHER,OTHER,0,1,0.31671196,0.68328804,False,0.683288037776947
"Sorry ,hab den Hessenbooten zu unrecht beleidigt ,hab das ganze in falschen zusammenhang gebracht",OTHER,OTHER,0,1,0.31976348,0.6802365,False,0.6802365183830261
"@USER Hotzenplötz, bitteschön, sonst funktioniert doch der ganze Witz nicht.",OTHER,OTHER,0,1,0.3222621,0.67773783,False,0.677737832069397
wer hat das schäbige bankensystem erfunden? die alle Leute ausnehmen ??? ....,OTHER,OTHER,0,1,0.32633105,0.673669,False,0.6736689805984497
"@USER Wie konnte so einer nur in der Regierung sein. Wer gegen sein volk hetzt, sofort entlassen!!!",OTHER,OTHER,0,1,0.33084103,0.669159,False,0.6691589951515198
@USER @USER Wieso? Ist schwul sein was Schlimmes?,OTHER,OTHER,0,1,0.33177578,0.6682242,False,0.6682242155075073
"@USER @USER Nee, das war ne Umkleidekabine.",OTHER,OTHER,0,1,0.3384831,0.6615169,False,0.6615169048309326
"@USER .einige Gutmenschen werden wohl langsam, gaaaanz langsam wach⁉",OTHER,OTHER,0,1,0.3464875,0.6535125,False,0.6535124778747559
"@USER ""Geschminkt wie ein Clown und über und über mit Lametta behangen""",OTHER,OTHER,0,1,0.34839422,0.6516057,False,0.6516057252883911
@USER @USER @USER @USER Sieht man ja an Merkel. Die ist immer noch nicht Kanzlerin weil die bösen Männer sie einfach nicht lassen...,OTHER,OTHER,0,1,0.35048285,0.6495171,False,0.6495171189308167
"@USER @USER @USER @USER @USER @USER @USER Was ist Deine Motivation Kopftuch zu tragen? Welche Deiner Grenzen werden dadurch geschützt? Was würde passieren, wenn Du es ablegst?",OTHER,OTHER,0,1,0.3511406,0.64885944,False,0.648859441280365
@USER @USER Reaktion von Schulz war NULL !!!,OTHER,OTHER,0,1,0.35186595,0.64813405,False,0.6481340527534485
Ätzend. Jetzt werden ganze Gruppen stigmatisiert u. kriminalisiert. Muslime u. Flüchtlinge allesamt zu Antisemiten erklärt.,OTHER,OTHER,0,1,0.3525871,0.6474129,False,0.647412896156311
"@USER @USER @USER @USER @USER @USER @USER @USER @USER @USER @USER @USER @USER @USER @USER @USER Ich habe mal in der Türkei Urlaub gemacht und danach entschieden, nie wieder in einem islamischen Land Urlaub zu machen. |LBR| Der Grund waren Männer die aufdringlich waren und tatsächlich gegafft haben, als hätten sie nie zuvor eine Frau gesehen.",OTHER,OTHER,0,1,0.35622934,0.64377064,False,0.6437706351280212
Viktor Orban ist der Schutzpatron der Vöker Europas. Wir alle sind ihm zum Dank verpflichtet!,OTHER,OTHER,0,1,0.35704997,0.64295006,False,0.6429500579833984
"@USER Ach komm. Jeder nimmt doch eh an, daas er hetero wird. Und wenn man ihn neben ein kleines Mädchen stellt, würde man sich überschlagen darüber, was die beiden doch für ein süßes Paar abgeben.",OTHER,OTHER,0,1,0.3584027,0.64159733,False,0.641597330570221
"@USER Sollen zurück sie nach Hause zu ihren Verwandte auf den Dörfern ziehen, die kriegsverschont sind!",OTHER,OTHER,0,1,0.3595338,0.6404663,False,0.6404662728309631
"@USER @USER @USER @USER @USER @USER @USER @USER @USER @USER @USER @USER @USER @USER @USER @USER @USER @USER @USER Genau, in staatlichen Einrichtungen hat das Kopftuch nichts zu suchen.",OTHER,OTHER,0,1,0.3628641,0.6371359,False,0.637135922908783
"eine bodenlose Heuchlerei und Frechheit wie in der @USER über 12 Tote vor einem Jahr berichtet wird, wie viele Kinder sind in dieser Zeit verhungert? Wo bleibt dieser Bericht?",OTHER,OTHER,0,1,0.36341813,0.63658184,False,0.6365818381309509
typisch lanz wieder eine ganze Sendung LinksGrüne Bauchpinselei,OTHER,OTHER,0,1,0.36432183,0.6356782,False,0.6356781721115112
"Weßkraut, Sellerie, Möhren, Rote Beete. |LBR| Spargel brauchte überhaupt nicht angebaut werden!",OTHER,OTHER,0,1,0.3655198,0.63448024,False,0.6344802379608154
"Und ohne Kraft zur Gegenwehr taumelt der Westen, malträtiert von Islam und Postmodernismus, seinem Untergang entgegen.",OTHER,OTHER,0,1,0.3673176,0.6326824,False,0.6326823830604553
@USER @USER @USER Und was trinken Münchner Mütter dann? Vittel?,OTHER,OTHER,0,1,0.36860123,0.6313988,False,0.6313987970352173
@USER |LBR| Das sagt eigentlich alles über ihren Verrat am Volke. Den Schwurspruch bei Vereidigung einfach fallen lassen.,OTHER,OTHER,0,1,0.372007,0.6279929,False,0.6279929280281067
"@USER Die Kommunen jammern, die Länder jammern! Will heißen, man bereitet die doofe Melkkuh - den deutschen Steuerzahler- auf Steuer- als auch Abgabenerhöhungen vor!",OTHER,OTHER,0,1,0.3739794,0.62602067,False,0.6260206699371338
"Haschisch ist ekelhaft. Es kommt zuerst süß und harmlos herüber, aber es ist ekelhaft.",OTHER,OTHER,0,1,0.3744413,0.6255587,False,0.6255586743354797
"@USER Werter Herr Schauderzwerg, |LBR| bitte lesen sie ihren Kommentar einmal Korrektur!",OTHER,OTHER,0,1,0.3807676,0.61923236,False,0.6192323565483093
@USER wo sind die Spontandemos gegen Vergewaltigungen Fr. Roth?,OTHER,OTHER,0,1,0.38479403,0.615206,False,0.6152060031890869
Super!Diätenerhöhung na klar.Deutsche Rentner wühlen in Mülleimern.,OTHER,OTHER,0,1,0.38689774,0.6131023,False,0.6131023168563843
"@USER So ist es,dass nervt mich schon die ganz Zeit, dass sich die Kirchen nach der Wende als Helden und auch als Opfer aufgespielt haben. Die Realität sah völlig anders aus. Zahlreiche Pfaffen haben sehr gern mit der Stasi zusammen gearbeitet und Privilegien für sich herausgeschlagen.",OTHER,OTHER,0,1,0.38792995,0.6120701,False,0.6120700836181641
"@USER An einer ""nationalen Partei"" bin ich zB nicht die Bohne interessiert. Ich hätte gerne laut vernehmbare konservative und liberale Stimmen im Parlament.",OTHER,OTHER,0,1,0.3900679,0.60993207,False,0.6099320650100708
"Deutschs Volk ,warum lasst ihr euch das alles gefallen???? Geht alle geschlossen auf die strasse und blockiert alles!!! Keine Produktion ...Keine Güter !!! So muss mann Meinung Kundtun ,wenn wenn mann nicht erhört wird!!!",OTHER,OTHER,0,1,0.3916869,0.6083131,False,0.6083130836486816
@USER @USER Schwule gucken sowas nicht,OTHER,OTHER,0,1,0.39320016,0.60679984,False,0.606799840927124
@USER @USER |LBR| Deutsche sollten nie allein auf die Straße gehen. Hatte im der Jugend auch immer 2-4 Mann neben mir.,OTHER,OTHER,0,1,0.39675808,0.603242,False,0.6032419800758362
"Geflüchtete brauchen keine Sanktionsandrohungen,sondern erst mal Zeit,sich von unmenschlichen Strapazen zu erholen,so TBB deMaiziere",OTHER,OTHER,0,1,0.3971006,0.6028994,False,0.6028993725776672
"Leider haben die Araber immer noch nicht begriffen, das sie wie ein Mann aufstehen und kämpfen müssen.",OTHER,OTHER,0,1,0.39790565,0.6020944,False,0.6020944118499756
"@USER Muslimische Länder gibt es doch zu genüge, wer hält ihn auf? Wenn er doch Angst hat kann er doch ""auswandern""",OTHER,OTHER,0,1,0.40037277,0.59962726,False,0.5996272563934326
"@USER @USER @USER Man munkelt, Franziskus ist großer ""Kiss""- und ""Black Sabbath""-Fan! RockOn",OTHER,OTHER,0,1,0.40402278,0.5959772,False,0.5959771871566772
"@USER Ätzend. Im schönen Schwerin, im schönen Meck-Pomm.",OTHER,OTHER,0,1,0.4121764,0.58782357,False,0.5878235697746277
"@USER Leider.leider. leider. |LBR| Das satte Volk läßt sich eben noch alles gefallen,statt aufzustehen.",OTHER,OTHER,0,1,0.4142422,0.5857578,False,0.5857577919960022
"Es geht nicht um Religion, es geht um die Rache eines geschundenes und unterdrücken Volkes!",OTHER,OTHER,0,1,0.4155285,0.58447146,False,0.5844714641571045
@USER Piesteritz war immer spitze dank solche wie z.b. Bernd Hanisch.,OTHER,OTHER,0,1,0.4178494,0.5821506,False,0.5821505784988403
hat jemand der drittklassigen Laiendarstellerin Demirkan gesagt dass das kein Film werden soll sondern eine Talkshow bei Maischberger ist,OTHER,OTHER,0,1,0.4183362,0.58166385,False,0.5816638469696045
"Deutschland wird zurückkommen ,stärker und härter als je zu vor!!!",OTHER,OTHER,0,1,0.42299333,0.57700664,False,0.5770066380500793
"Kämpft,arbeitet und handelt!Aber nicht als Sklaven, sondern als freie und denkende Menschen!",OTHER,OTHER,0,1,0.4254636,0.5745364,False,0.5745363831520081
"Der größte Dienst, erwiesen mit finsterem Gesicht oder hartherzig, taugt nichts,",OTHER,OTHER,0,1,0.42696017,0.5730399,False,0.5730398893356323
"DIE DDR war wahrscheinlich deutlich humaner wie dieses Merkel-System.In der DDR wusste man wenigstens,das eine Diktatur war.",OTHER,OTHER,0,1,0.42940268,0.57059735,False,0.5705973505973816
"@USER sagte gerade das die @USER der Obergrenze zugestimmt hat auf Phönix. Ach was, SPD nennt es nicht Obergrenze,,, CSU nennt es Obergrenze... |LBR| ICH NENNE DAS AUCH eine Obergrenze! Schlimm SPD echt schlimm",OTHER,OTHER,0,1,0.4315523,0.5684477,False,0.5684477090835571
@USER @USER |LBR| Raus aus den EU und Grenzen alle wie vorher dicht.,OTHER,OTHER,0,1,0.43488663,0.56511337,False,0.565113365650177
"Der Feminismus kann nur besiegt werden, wenn Frauen unter ihm leiden. |LBR| Und Ihr Hetero-Männer haltet die Trumpfkarte hierzu in Eurer Hand. |LBR| Ich bezweifle allerdings, dass Ihr sie ausspielen werdet. Dazu seid Ihr zu gutgläubig und zu sehr abhängig von Weiblichkeit.",OTHER,OTHER,0,1,0.4368344,0.56316555,False,0.563165545463562
"@USER Das schließt mein Tweet nicht aus. Auch ich meine nicht, dass man jedwede Meinung und Haltung als willkommene Infragestellung behandeln muss. Dialogunfähige und Fanatiker darf man ignorieren oder, wenn sie trollen, auch mal blocken.",OTHER,OTHER,0,1,0.43900615,0.56099385,False,0.5609938502311707
"@USER Lieber den Spatz in der Hand als die Taube auf dem Dach. Was in 4 Jahren möglich ist, kann man nicht vorhersagen.",OTHER,OTHER,0,1,0.4401474,0.5598526,False,0.5598526000976562
"@USER In Konstanz ist der Rhein noch blau, |LBR| Bei Mannheim wird er grau; |LBR| Da fließt der Neckar in den Rhein, |LBR| Die alte Schwabensau.",OTHER,OTHER,0,1,0.4435497,0.55645037,False,0.556450366973877
Ich bin Stolz ein Deutscher zu sein mit all seiner Tradition verbunden !!!,OTHER,OTHER,0,1,0.44408306,0.5559169,False,0.5559169054031372
Bätschi Bätschi SPD ----sind wir im Kimdergarten!!! Frau Nahles???,OTHER,OTHER,0,1,0.4460141,0.55398595,False,0.5539859533309937
"Es lohnt sich für die ganze Gesellschaft nicht nur das Trennende, sondern auch das Verbindende zu suchen - Romeo Franz zum Romaday",OTHER,OTHER,0,1,0.4466603,0.55333966,False,0.5533396601676941
es wird Zeit dass es endlich Fahrverbote gibt. Beim Diesel kommt man nicht weiter und hört nur dummes Geschwätz wie immer Lokalzeit,OTHER,OTHER,0,1,0.44716364,0.5528364,False,0.5528364181518555
die AfD @USER hat mehr MITGLIEDER als die Lucke-Partei-LKR Wähler. |LBR| Bernd blieb dreistellig bei der LTWNDS17,OTHER,OTHER,0,1,0.4478827,0.5521173,False,0.5521172881126404
heute nur Geld und Karrierre im Kopf.,OTHER,OTHER,0,1,0.44968647,0.5503135,False,0.5503134727478027
@USER @USER Na. Pass mal auf. Bis dahin sind die guten alten WLAN-Kabel in Bayern wieder ganz in Mode /TN,OTHER,OTHER,0,1,0.45013517,0.5498648,False,0.5498648285865784
"@USER @USER Was erwartest du jetzt von @USER ? Sorry, jeder soll gestalten aber diese Frau verrät auch ihre Partei nur um an einen Posten zu kommen, und genau das ist mit ein Grund, warum die Menschen in Deutschland die Schnauze voll haben",OTHER,OTHER,0,1,0.45108095,0.5489191,False,0.5489190816879272
"@USER Der Gysi den mochten auch viele, die mit der ""Linken"" nichts anfangen konnten.",OTHER,OTHER,0,1,0.4517011,0.5482989,False,0.5482988953590393
"Der Begriff ""Demokratie"" verkommt immer mehr zu einer Propaganda-Floskel für eine bestimmte links-grüne Ideologie.",OTHER,OTHER,0,1,0.4517595,0.54824054,False,0.5482405424118042
Der schwarze Kanal der SED ist nichts anderes als das Staatsfernsehen der BRD!,OTHER,OTHER,0,1,0.45256948,0.5474305,False,0.5474305152893066
@USER |LBR| Und deutsche Hartz IV und Grundsicherung- Rentner dürfen für IT bezahlen. |LBR| Das Unrecht schreit zum Himmel!,OTHER,OTHER,0,1,0.45327199,0.546728,False,0.5467280149459839
@USER |LBR| Genau. Armutsrenter=HartzIV ein Leben lang.,OTHER,OTHER,0,1,0.45376506,0.5462349,False,0.5462349057197571
@USER |LBR| Obs dann Schäubele besser macht?,OTHER,OTHER,0,1,0.4540846,0.54591537,False,0.5459153652191162
"@USER @USER Ja warum glauben die Wähler wohl der SPD nicht, wenn ständig alles schlecht geredet wird, da mache ich nicht nur die Jusos für verantwortlich, sondern auch die Linken SPDler der ersten und zweiten Reihe!",OTHER,OTHER,0,1,0.45419106,0.5458089,False,0.5458089113235474
"@USER @USER |LBR| Wie ist das , wenn ein Asylant an der Grenze behauptet er sei schwul. Bekommt der sofort Asyl?",OTHER,OTHER,0,1,0.4599731,0.5400269,False,0.5400269031524658
"@USER @USER Eine Frau der ich vertraue, eine Frau die überzeugt für die GroKo kämpft um Deutschland für uns alle zu gestalten!",OTHER,OTHER,0,1,0.4603777,0.5396223,False,0.5396223068237305
"@USER Wenn man diesen Tweet mit dem Hashtag ditisberlin versieht, kann man keine allzu hohe Meinung von Berlin haben. Könnte im Rest von Deutschland sogar mehrheitsfähig sein, wenn man die ganzen Likes so sieht.... Tatort",OTHER,OTHER,0,1,0.46361652,0.53638345,False,0.5363834500312805
"@USER @USER @USER Das verarmte Proletariat in dem Städten... Dann erklär mal, warum die vom Land in die Städte wanderten. Und warum auch heute noch, vor allem in Entwicklungsländern, Menschen vom Land in die Städte ziehen.",OTHER,OTHER,0,1,0.46473256,0.5352675,False,0.5352674722671509
@USER will der Finanz- Minister werden? Sie haben einen Knüller ausgegraben und es hat wieder keiner gemerkt!,OTHER,OTHER,0,1,0.46858844,0.5314116,False,0.5314115881919861
Nach d neuerlichen Urteil d BVerfG über e kopftuchtragende Erzieherin hat TBB d Blner Senat aufgefordert d Neutralitätsgesetz abzuschaffen.,OTHER,OTHER,0,1,0.47194186,0.5280581,False,0.5280581116676331
@USER In Berlin ist Kommunismus! Ich habe Männer im Überfluss,OTHER,OTHER,0,1,0.4719544,0.5280456,False,0.5280455946922302
unser Außenminister @USER verpulvert in seinen letzten Tagen noch ordentlich Steuergeld im Ausland SPD Schweinerei,OTHER,OTHER,0,1,0.4723376,0.5276624,False,0.5276623964309692
@USER @USER @USER @USER @USER @USER @USER @USER In einem Punkt hast du Recht: es ist paradox - denn die Afd verfolgt eine zutiefst homophobe Politik,OTHER,OTHER,0,1,0.4726978,0.5273022,False,0.5273022055625916
"So, noch mal für alle: |LBR| Dinosaurier sind nicht ausgestorben. Vögel sind Dinosaurier.",OTHER,OTHER,0,1,0.47315228,0.5268477,False,0.5268477201461792
Ein Hoch dem stolzem Volk ďer Palästinensern!,OTHER,OTHER,0,1,0.47919327,0.5208067,False,0.5208067297935486
"Wenn Ihr jetzt in der kalten Jahreszeit einen Obdachlosen seht, klärt diesen Mann bitte über seine weißen, heterosexuellen Privilegien auf.",OTHER,OTHER,0,1,0.4814642,0.5185358,False,0.5185357928276062
@USER Es geht um ein Gebet. Und schwul sein ist ja nun nichts Schlimmes.,OTHER,OTHER,0,1,0.48941398,0.510586,False,0.5105860233306885
"@USER @USER Traditionelle Frauen, wie aus den 1950-1960ern , wären mir als Christ, lieber!",OTHER,OTHER,0,1,0.4909547,0.5090453,False,0.5090453028678894
"@USER Wurde die AFD demokratisch gewählt? Wenn ja, dann bitte das hetzen einstellen und das Volk nicht für blöd verkaufen !!!",OTHER,OTHER,0,1,0.49506474,0.50493526,False,0.5049352645874023
"@USER @USER @USER Menschen sollten die Einsicht haben, ihre Kinder weder körperlich noch geistig zu verstümmeln.",OTHER,OTHER,0,1,0.4965139,0.5034861,False,0.5034860968589783
"Ich wollten mal mit nem Mann Sex, aber der hat gesagt, er sei hetero. Sexist! |LBR| MeeToo",OTHER,OTHER,0,1,0.49659732,0.50340265,False,0.5034026503562927
